danceability,energy,key,loudness,mode,speechiness,acousticness,instrumentalness,liveness,valence,tempo,type,id,uri,track_href,analysis_url,duration_ms,time_signature
0.73,0.647,11,-6.086,0,0.064,0.0741,0,0.286,0.333,103.951,audio_features,4bdPZXlxhqSiHWLDHp2Wjl,spotify:track:4bdPZXlxhqSiHWLDHp2Wjl,https://api.spotify.com/v1/tracks/4bdPZXlxhqSiHWLDHp2Wjl,https://api.spotify.com/v1/audio-analysis/4bdPZXlxhqSiHWLDHp2Wjl,211512,4
0.66,0.708,10,-9.142,1,0.117,0.101,0.00185,0.0869,0.908,75.219,audio_features,0T7PAJKN2k6k7kBSWIcw34,spotify:track:0T7PAJKN2k6k7kBSWIcw34,https://api.spotify.com/v1/tracks/0T7PAJKN2k6k7kBSWIcw34,https://api.spotify.com/v1/audio-analysis/0T7PAJKN2k6k7kBSWIcw34,218307,4
0.58,0.788,2,-4.714,1,0.259,0.0123,1.84e-05,0.368,0.72,148.992,audio_features,1q2Zb0v5ZGxKDktEz7wSPb,spotify:track:1q2Zb0v5ZGxKDktEz7wSPb,https://api.spotify.com/v1/tracks/1q2Zb0v5ZGxKDktEz7wSPb,https://api.spotify.com/v1/audio-analysis/1q2Zb0v5ZGxKDktEz7wSPb,182426,4
0.747,0.725,8,-8.517,1,0.215,0.2,0.197,0.0688,0.799,119.942,audio_features,08ZZ7SILfKcreLtA3K6Gqr,spotify:track:08ZZ7SILfKcreLtA3K6Gqr,https://api.spotify.com/v1/tracks/08ZZ7SILfKcreLtA3K6Gqr,https://api.spotify.com/v1/audio-analysis/08ZZ7SILfKcreLtA3K6Gqr,171938,4
0.544,0.507,1,-4.963,0,0.0314,0.0056,0.000192,0.288,0.151,148.002,audio_features,0UsNgv6unHisK9NslsZxwz,spotify:track:0UsNgv6unHisK9NslsZxwz,https://api.spotify.com/v1/tracks/0UsNgv6unHisK9NslsZxwz,https://api.spotify.com/v1/audio-analysis/0UsNgv6unHisK9NslsZxwz,177261,4
0.895,0.78,11,-5.842,0,0.0796,0.135,0.0097,0.115,0.585,117.05,audio_features,0e552GYfR4MHn1qKYD36q0,spotify:track:0e552GYfR4MHn1qKYD36q0,https://api.spotify.com/v1/tracks/0e552GYfR4MHn1qKYD36q0,https://api.spotify.com/v1/audio-analysis/0e552GYfR4MHn1qKYD36q0,207073,4
0.65,0.628,7,-5.094,0,0.0321,0.0202,2.19e-06,0.289,0.812,119.999,audio_features,7v6rH68U9wPAzRzYNmgtCx,spotify:track:7v6rH68U9wPAzRzYNmgtCx,https://api.spotify.com/v1/tracks/7v6rH68U9wPAzRzYNmgtCx,https://api.spotify.com/v1/audio-analysis/7v6rH68U9wPAzRzYNmgtCx,197488,4
0.663,0.786,9,-5.325,1,0.0353,0.212,1.96e-06,0.0957,0.319,145.977,audio_features,51V7IK66jWw2AB3UZ18zxh,spotify:track:51V7IK66jWw2AB3UZ18zxh,https://api.spotify.com/v1/tracks/51V7IK66jWw2AB3UZ18zxh,https://api.spotify.com/v1/audio-analysis/51V7IK66jWw2AB3UZ18zxh,203751,4
0.715,0.374,8,-6.665,1,0.0399,0.627,0,0.11,0.633,89.982,audio_features,3gCYle76USfbHa7VDTDg5V,spotify:track:3gCYle76USfbHa7VDTDg5V,https://api.spotify.com/v1/tracks/3gCYle76USfbHa7VDTDg5V,https://api.spotify.com/v1/audio-analysis/3gCYle76USfbHa7VDTDg5V,143531,4
0.624,0.559,9,-6.932,1,0.0465,0.469,0.000109,0.181,0.529,92.973,audio_features,4vm3gEWDruvvtHOdPEcVQT,spotify:track:4vm3gEWDruvvtHOdPEcVQT,https://api.spotify.com/v1/tracks/4vm3gEWDruvvtHOdPEcVQT,https://api.spotify.com/v1/audio-analysis/4vm3gEWDruvvtHOdPEcVQT,298350,4
0.811,0.732,11,-5.992,0,0.0847,0.216,0.000154,0.205,0.874,92.506,audio_features,65su2AKgWHQhxFB9z7lRt3,spotify:track:65su2AKgWHQhxFB9z7lRt3,https://api.spotify.com/v1/tracks/65su2AKgWHQhxFB9z7lRt3,https://api.spotify.com/v1/audio-analysis/65su2AKgWHQhxFB9z7lRt3,173189,4
0.612,0.598,3,-7.745,1,0.0284,0.26,0.0172,0.103,0.407,118.024,audio_features,5DeWVeHLfD2Br4Okh7dJRy,spotify:track:5DeWVeHLfD2Br4Okh7dJRy,https://api.spotify.com/v1/tracks/5DeWVeHLfD2Br4Okh7dJRy,https://api.spotify.com/v1/audio-analysis/5DeWVeHLfD2Br4Okh7dJRy,205040,4
0.747,0.822,1,-5.15,1,0.0893,0.192,0,0.288,0.862,115.937,audio_features,0RW1UL8w8rjQkaIaljaFc5,spotify:track:0RW1UL8w8rjQkaIaljaFc5,https://api.spotify.com/v1/tracks/0RW1UL8w8rjQkaIaljaFc5,https://api.spotify.com/v1/audio-analysis/0RW1UL8w8rjQkaIaljaFc5,207927,4
0.736,0.668,2,-8.298,0,0.0356,0.229,0.442,0.104,0.508,118.971,audio_features,60hJh9xajGyiVdoKEwCEKv,spotify:track:60hJh9xajGyiVdoKEwCEKv,https://api.spotify.com/v1/tracks/60hJh9xajGyiVdoKEwCEKv,https://api.spotify.com/v1/audio-analysis/60hJh9xajGyiVdoKEwCEKv,183557,4
0.652,0.702,0,-5.791,1,0.184,0.514,0.0014,0.358,0.623,151.989,audio_features,34hdwAVK7oA3OswpGv5gVX,spotify:track:34hdwAVK7oA3OswpGv5gVX,https://api.spotify.com/v1/tracks/34hdwAVK7oA3OswpGv5gVX,https://api.spotify.com/v1/audio-analysis/34hdwAVK7oA3OswpGv5gVX,206147,4
0.699,0.573,5,-9.042,1,0.0431,0.543,0.145,0.196,0.565,81.024,audio_features,2ZrCz6tDHMvzJSrJGVO3zT,spotify:track:2ZrCz6tDHMvzJSrJGVO3zT,https://api.spotify.com/v1/tracks/2ZrCz6tDHMvzJSrJGVO3zT,https://api.spotify.com/v1/audio-analysis/2ZrCz6tDHMvzJSrJGVO3zT,222936,4
0.653,0.524,11,-9.016,0,0.0502,0.112,0,0.203,0.553,83.97,audio_features,6tDDoYIxWvMLTdKpjFkc1B,spotify:track:6tDDoYIxWvMLTdKpjFkc1B,https://api.spotify.com/v1/tracks/6tDDoYIxWvMLTdKpjFkc1B,https://api.spotify.com/v1/audio-analysis/6tDDoYIxWvMLTdKpjFkc1B,160191,4
0.771,0.553,11,-8.741,0,0.121,0.0166,3.78e-05,0.145,0.484,115.002,audio_features,2m3RjRXib3un5AEh08k8Fe,spotify:track:2m3RjRXib3un5AEh08k8Fe,https://api.spotify.com/v1/tracks/2m3RjRXib3un5AEh08k8Fe,https://api.spotify.com/v1/audio-analysis/2m3RjRXib3un5AEh08k8Fe,177725,4
0.749,0.619,8,-6.174,1,0.0738,0.3,0,0.254,0.868,114.999,audio_features,5o3IfIHZBTQCJS2y1c13su,spotify:track:5o3IfIHZBTQCJS2y1c13su,https://api.spotify.com/v1/tracks/5o3IfIHZBTQCJS2y1c13su,https://api.spotify.com/v1/audio-analysis/5o3IfIHZBTQCJS2y1c13su,181221,4
0.746,0.666,9,-5.16,1,0.035,0.0632,1.56e-06,0.0984,0.678,98.013,audio_features,1ljQ8uKlwqJeyb007xeH8i,spotify:track:1ljQ8uKlwqJeyb007xeH8i,https://api.spotify.com/v1/tracks/1ljQ8uKlwqJeyb007xeH8i,https://api.spotify.com/v1/audio-analysis/1ljQ8uKlwqJeyb007xeH8i,134397,4
0.55,0.772,8,-5.352,1,0.0262,0.0306,0.000455,0.213,0.459,109.98,audio_features,7355r4wB8D6crALDxPZ8KR,spotify:track:7355r4wB8D6crALDxPZ8KR,https://api.spotify.com/v1/tracks/7355r4wB8D6crALDxPZ8KR,https://api.spotify.com/v1/audio-analysis/7355r4wB8D6crALDxPZ8KR,188347,4
0.578,0.839,8,-4.211,1,0.0425,0.00256,0.000163,0.324,0.682,90.02,audio_features,7eZbwMtoH1s7EyM4tcv7ol,spotify:track:7eZbwMtoH1s7EyM4tcv7ol,https://api.spotify.com/v1/tracks/7eZbwMtoH1s7EyM4tcv7ol,https://api.spotify.com/v1/audio-analysis/7eZbwMtoH1s7EyM4tcv7ol,199826,4
0.631,0.812,4,-4.537,0,0.0274,0.0028,0.012,0.343,0.515,132.983,audio_features,4RGXedMqIrohHTmhMXPnLc,spotify:track:4RGXedMqIrohHTmhMXPnLc,https://api.spotify.com/v1/tracks/4RGXedMqIrohHTmhMXPnLc,https://api.spotify.com/v1/audio-analysis/4RGXedMqIrohHTmhMXPnLc,180600,4
0.504,0.638,1,-4.177,0,0.302,0.14,0,0.0955,0.749,83.791,audio_features,5QGHOeBYDauPtC8yYD3wZZ,spotify:track:5QGHOeBYDauPtC8yYD3wZZ,https://api.spotify.com/v1/tracks/5QGHOeBYDauPtC8yYD3wZZ,https://api.spotify.com/v1/audio-analysis/5QGHOeBYDauPtC8yYD3wZZ,118571,4
0.728,0.782,8,-6.036,1,0.0981,0.261,0.000208,0.515,0.721,143.991,audio_features,4BCfK18FNUMdy0P8yeujmh,spotify:track:4BCfK18FNUMdy0P8yeujmh,https://api.spotify.com/v1/tracks/4BCfK18FNUMdy0P8yeujmh,https://api.spotify.com/v1/audio-analysis/4BCfK18FNUMdy0P8yeujmh,182933,4
0.629,0.773,0,-6.965,0,0.0754,0.241,0.00173,0.382,0.489,173.927,audio_features,21TLD85Q0waH65GxMnIJft,spotify:track:21TLD85Q0waH65GxMnIJft,https://api.spotify.com/v1/tracks/21TLD85Q0waH65GxMnIJft,https://api.spotify.com/v1/audio-analysis/21TLD85Q0waH65GxMnIJft,242637,4
0.56,0.865,1,-1.148,1,0.0909,0.255,0.000153,0.083,0.424,159.96,audio_features,4nlvKIIetOWGIMyhjQXgOZ,spotify:track:4nlvKIIetOWGIMyhjQXgOZ,https://api.spotify.com/v1/tracks/4nlvKIIetOWGIMyhjQXgOZ,https://api.spotify.com/v1/audio-analysis/4nlvKIIetOWGIMyhjQXgOZ,139663,4
0.846,0.505,7,-7.595,0,0.0361,0.213,0.0163,0.146,0.783,103.96,audio_features,7IE6uE2NqL9SI5gOSeNi3r,spotify:track:7IE6uE2NqL9SI5gOSeNi3r,https://api.spotify.com/v1/tracks/7IE6uE2NqL9SI5gOSeNi3r,https://api.spotify.com/v1/audio-analysis/7IE6uE2NqL9SI5gOSeNi3r,150700,4
0.622,0.716,3,-6.868,0,0.317,0.292,0,0.251,0.714,159.965,audio_features,7oSBbwzlOb0y7dO8PgLVTS,spotify:track:7oSBbwzlOb0y7dO8PgLVTS,https://api.spotify.com/v1/tracks/7oSBbwzlOb0y7dO8PgLVTS,https://api.spotify.com/v1/audio-analysis/7oSBbwzlOb0y7dO8PgLVTS,200536,4
0.658,0.717,1,-4.257,0,0.0633,0.0846,0.0022,0.12,0.595,133.074,audio_features,2bzUVEvpZ7At5cYz1kOLI9,spotify:track:2bzUVEvpZ7At5cYz1kOLI9,https://api.spotify.com/v1/tracks/2bzUVEvpZ7At5cYz1kOLI9,https://api.spotify.com/v1/audio-analysis/2bzUVEvpZ7At5cYz1kOLI9,193373,4
0.89,0.505,11,-3.106,0,0.0481,0.00373,0.438,0.0474,0.94,119.011,audio_features,4JtbUXLuBb8C7q1x7B54ZY,spotify:track:4JtbUXLuBb8C7q1x7B54ZY,https://api.spotify.com/v1/tracks/4JtbUXLuBb8C7q1x7B54ZY,https://api.spotify.com/v1/audio-analysis/4JtbUXLuBb8C7q1x7B54ZY,174402,4
0.633,0.909,0,-7.094,0,0.0759,0.0328,0.00705,0.19,0.448,120.008,audio_features,4omZ3OpUWvrFBdF5bSLlkn,spotify:track:4omZ3OpUWvrFBdF5bSLlkn,https://api.spotify.com/v1/tracks/4omZ3OpUWvrFBdF5bSLlkn,https://api.spotify.com/v1/audio-analysis/4omZ3OpUWvrFBdF5bSLlkn,238009,4
0.673,0.388,2,-12.08,1,0.041,0.15,0.00637,0.111,0.159,134.051,audio_features,1vqYqiZA1Su4GgqIO4oVSY,spotify:track:1vqYqiZA1Su4GgqIO4oVSY,https://api.spotify.com/v1/tracks/1vqYqiZA1Su4GgqIO4oVSY,https://api.spotify.com/v1/audio-analysis/1vqYqiZA1Su4GgqIO4oVSY,204754,4
0.727,0.578,10,-10.516,1,0.225,0.153,3.59e-05,0.142,0.238,140.044,audio_features,2iwLygOHE2YStc23isxS3b,spotify:track:2iwLygOHE2YStc23isxS3b,https://api.spotify.com/v1/tracks/2iwLygOHE2YStc23isxS3b,https://api.spotify.com/v1/audio-analysis/2iwLygOHE2YStc23isxS3b,192733,4
0.677,0.826,9,-6.8,1,0.368,0.395,0,0.571,0.498,124.821,audio_features,0kiuMdZ9G8X9Odc8oifwX9,spotify:track:0kiuMdZ9G8X9Odc8oifwX9,https://api.spotify.com/v1/tracks/0kiuMdZ9G8X9Odc8oifwX9,https://api.spotify.com/v1/audio-analysis/0kiuMdZ9G8X9Odc8oifwX9,183880,4
0.665,0.559,5,-7.579,0,0.235,0.317,0,0.394,0.416,84.959,audio_features,6bKM56cyoz8kjiK7QKQ87i,spotify:track:6bKM56cyoz8kjiK7QKQ87i,https://api.spotify.com/v1/tracks/6bKM56cyoz8kjiK7QKQ87i,https://api.spotify.com/v1/audio-analysis/6bKM56cyoz8kjiK7QKQ87i,169761,4
0.623,0.648,0,-5.856,0,0.0507,0.0271,0,0.0748,0.646,99.965,audio_features,7MUhRZD1UNEYk4PPq2wSw3,spotify:track:7MUhRZD1UNEYk4PPq2wSw3,https://api.spotify.com/v1/tracks/7MUhRZD1UNEYk4PPq2wSw3,https://api.spotify.com/v1/audio-analysis/7MUhRZD1UNEYk4PPq2wSw3,194079,4
0.556,0.712,6,-7.261,1,0.0604,0.376,0.185,0.201,0.467,98.008,audio_features,1CA6nEpwJvpraGPVXV6kg0,spotify:track:1CA6nEpwJvpraGPVXV6kg0,https://api.spotify.com/v1/tracks/1CA6nEpwJvpraGPVXV6kg0,https://api.spotify.com/v1/audio-analysis/1CA6nEpwJvpraGPVXV6kg0,199996,4
0.819,0.64,9,-9.053,1,0.0347,0.0908,0.0542,0.21,0.674,109.972,audio_features,75dIKJQLp0iV4q99dxxyVF,spotify:track:75dIKJQLp0iV4q99dxxyVF,https://api.spotify.com/v1/tracks/75dIKJQLp0iV4q99dxxyVF,https://api.spotify.com/v1/audio-analysis/75dIKJQLp0iV4q99dxxyVF,143354,4
0.697,0.668,10,-6.274,0,0.0646,0.113,5.46e-05,0.239,0.642,119.764,audio_features,1zw58wBujy79wxhOoxHxii,spotify:track:1zw58wBujy79wxhOoxHxii,https://api.spotify.com/v1/tracks/1zw58wBujy79wxhOoxHxii,https://api.spotify.com/v1/audio-analysis/1zw58wBujy79wxhOoxHxii,226506,4
0.689,0.719,11,-3.883,1,0.031,0.0135,1.64e-06,0.107,0.557,121.008,audio_features,2OwIGCjx7e7J1HHdAqIv21,spotify:track:2OwIGCjx7e7J1HHdAqIv21,https://api.spotify.com/v1/tracks/2OwIGCjx7e7J1HHdAqIv21,https://api.spotify.com/v1/audio-analysis/2OwIGCjx7e7J1HHdAqIv21,180387,4
0.531,0.546,6,-10.936,0,0.372,0.26,0.00949,0.379,0.7,92.06,audio_features,7thhWP37F1tHFcrnwLNaao,spotify:track:7thhWP37F1tHFcrnwLNaao,https://api.spotify.com/v1/tracks/7thhWP37F1tHFcrnwLNaao,https://api.spotify.com/v1/audio-analysis/7thhWP37F1tHFcrnwLNaao,162437,4
0.617,0.737,1,-5.224,1,0.0321,0.0119,0,0.0571,0.522,120.033,audio_features,6AIMGwDREa86WOdxIQj2S7,spotify:track:6AIMGwDREa86WOdxIQj2S7,https://api.spotify.com/v1/tracks/6AIMGwDREa86WOdxIQj2S7,https://api.spotify.com/v1/audio-analysis/6AIMGwDREa86WOdxIQj2S7,238871,4
0.692,0.866,7,-5.543,0,0.058,0.249,9.87e-05,0.0926,0.866,150.65,audio_features,5dzkszIwTfH7SzbxrsarrZ,spotify:track:5dzkszIwTfH7SzbxrsarrZ,https://api.spotify.com/v1/tracks/5dzkszIwTfH7SzbxrsarrZ,https://api.spotify.com/v1/audio-analysis/5dzkszIwTfH7SzbxrsarrZ,194953,4
0.59,0.521,1,-8.823,0,0.0335,0.404,0.000101,0.357,0.423,99.165,audio_features,6m5g6mY0EqyPW6Snc6n749,spotify:track:6m5g6mY0EqyPW6Snc6n749,https://api.spotify.com/v1/tracks/6m5g6mY0EqyPW6Snc6n749,https://api.spotify.com/v1/audio-analysis/6m5g6mY0EqyPW6Snc6n749,270067,4
0.539,0.615,1,-8.746,0,0.252,0.173,0.0056,0.144,0.493,163.924,audio_features,6u3CPnFMKANYgfdiifFOiJ,spotify:track:6u3CPnFMKANYgfdiifFOiJ,https://api.spotify.com/v1/tracks/6u3CPnFMKANYgfdiifFOiJ,https://api.spotify.com/v1/audio-analysis/6u3CPnFMKANYgfdiifFOiJ,214693,4
0.817,0.661,0,-4.835,0,0.102,0.0668,3.25e-06,0.162,0.945,139.994,audio_features,5etvVR36xgYO9VawprrrkI,spotify:track:5etvVR36xgYO9VawprrrkI,https://api.spotify.com/v1/tracks/5etvVR36xgYO9VawprrrkI,https://api.spotify.com/v1/audio-analysis/5etvVR36xgYO9VawprrrkI,114320,4
0.761,0.525,11,-6.9,1,0.0944,0.44,6.7e-06,0.0921,0.531,80.87,audio_features,6CDzDgIUqeDY5g8ujExx2f,spotify:track:6CDzDgIUqeDY5g8ujExx2f,https://api.spotify.com/v1/tracks/6CDzDgIUqeDY5g8ujExx2f,https://api.spotify.com/v1/audio-analysis/6CDzDgIUqeDY5g8ujExx2f,238805,4
0.56,0.674,9,-6.527,0,0.108,0.639,0.00158,0.107,0.293,137.946,audio_features,2vAqO6aZhUjVSmlpnNXybt,spotify:track:2vAqO6aZhUjVSmlpnNXybt,https://api.spotify.com/v1/tracks/2vAqO6aZhUjVSmlpnNXybt,https://api.spotify.com/v1/audio-analysis/2vAqO6aZhUjVSmlpnNXybt,257080,4
0.718,0.505,4,-7.22,0,0.127,0.0253,0,0.0862,0.476,147.922,audio_features,0dedT0AfVJO8ebgLee0prY,spotify:track:0dedT0AfVJO8ebgLee0prY,https://api.spotify.com/v1/tracks/0dedT0AfVJO8ebgLee0prY,https://api.spotify.com/v1/audio-analysis/0dedT0AfVJO8ebgLee0prY,210693,4
0.896,0.521,7,-6.417,1,0.0339,0.256,0.000171,0.118,0.588,107.942,audio_features,1uvt28tCYTd1bbSnxKamO6,spotify:track:1uvt28tCYTd1bbSnxKamO6,https://api.spotify.com/v1/tracks/1uvt28tCYTd1bbSnxKamO6,https://api.spotify.com/v1/audio-analysis/1uvt28tCYTd1bbSnxKamO6,156920,4
0.436,0.655,1,-8.37,0,0.0583,0.499,8.1e-06,0.688,0.412,121.002,audio_features,3YJJjQPAbDT7mGpX3WtQ9A,spotify:track:3YJJjQPAbDT7mGpX3WtQ9A,https://api.spotify.com/v1/tracks/3YJJjQPAbDT7mGpX3WtQ9A,https://api.spotify.com/v1/audio-analysis/3YJJjQPAbDT7mGpX3WtQ9A,279204,4
0.577,0.683,1,-7.699,1,0.0523,0.028,0.00329,0.156,0.728,115.058,audio_features,7MuU7UbVaKyu4HkHBoHwrD,spotify:track:7MuU7UbVaKyu4HkHBoHwrD,https://api.spotify.com/v1/tracks/7MuU7UbVaKyu4HkHBoHwrD,https://api.spotify.com/v1/audio-analysis/7MuU7UbVaKyu4HkHBoHwrD,204522,4
0.61,0.625,9,-8.393,0,0.38,0.454,0.0043,0.109,0.236,96.063,audio_features,2ixabSVbccs9np9r5CpbWW,spotify:track:2ixabSVbccs9np9r5CpbWW,https://api.spotify.com/v1/tracks/2ixabSVbccs9np9r5CpbWW,https://api.spotify.com/v1/audio-analysis/2ixabSVbccs9np9r5CpbWW,213679,4
0.734,0.518,11,-9.514,0,0.0813,0.556,0.00282,0.111,0.555,101.083,audio_features,5uDohC8URXwbGiHAMuKGoa,spotify:track:5uDohC8URXwbGiHAMuKGoa,https://api.spotify.com/v1/tracks/5uDohC8URXwbGiHAMuKGoa,https://api.spotify.com/v1/audio-analysis/5uDohC8URXwbGiHAMuKGoa,166000,4
0.596,0.895,6,-3.813,1,0.0518,0.55,0,0.15,0.578,105.048,audio_features,1U0oXAqDvFOvp9qGdrDQd1,spotify:track:1U0oXAqDvFOvp9qGdrDQd1,https://api.spotify.com/v1/tracks/1U0oXAqDvFOvp9qGdrDQd1,https://api.spotify.com/v1/audio-analysis/1U0oXAqDvFOvp9qGdrDQd1,216880,4
0.538,0.428,0,-6.6,1,0.0278,0.0515,1.56e-06,0.224,0.293,149.944,audio_features,4dVAjdLba7P8K5gtAc2Slt,spotify:track:4dVAjdLba7P8K5gtAc2Slt,https://api.spotify.com/v1/tracks/4dVAjdLba7P8K5gtAc2Slt,https://api.spotify.com/v1/audio-analysis/4dVAjdLba7P8K5gtAc2Slt,210133,4
0.861,0.662,7,-5.666,1,0.0818,0.081,1.18e-05,0.101,0.658,120.029,audio_features,5G8fWQnQ9wmfTONh8yKc0a,spotify:track:5G8fWQnQ9wmfTONh8yKc0a,https://api.spotify.com/v1/tracks/5G8fWQnQ9wmfTONh8yKc0a,https://api.spotify.com/v1/audio-analysis/5G8fWQnQ9wmfTONh8yKc0a,196709,4
0.661,0.643,0,-7.655,1,0.0319,0.168,0.0034,0.0966,0.36,148.994,audio_features,4Kjo34blxmLG5HNUKEvHRM,spotify:track:4Kjo34blxmLG5HNUKEvHRM,https://api.spotify.com/v1/tracks/4Kjo34blxmLG5HNUKEvHRM,https://api.spotify.com/v1/audio-analysis/4Kjo34blxmLG5HNUKEvHRM,231701,4
0.75,0.817,8,-4.422,0,0.0541,0.0278,2e-06,0.112,0.432,120.004,audio_features,74UbkBncJjuG4NxxZmu8i9,spotify:track:74UbkBncJjuG4NxxZmu8i9,https://api.spotify.com/v1/tracks/74UbkBncJjuG4NxxZmu8i9,https://api.spotify.com/v1/audio-analysis/74UbkBncJjuG4NxxZmu8i9,203452,4
0.802,0.619,9,-6.575,0,0.0857,0.263,0.00122,0.1,0.64,111.996,audio_features,3SZ0yNnQF2DHLf1dCmMwBV,spotify:track:3SZ0yNnQF2DHLf1dCmMwBV,https://api.spotify.com/v1/tracks/3SZ0yNnQF2DHLf1dCmMwBV,https://api.spotify.com/v1/audio-analysis/3SZ0yNnQF2DHLf1dCmMwBV,200000,4
0.658,0.809,0,-3.124,1,0.0378,0.129,0,0.182,0.622,135.008,audio_features,5tVMIkfYa1gRl58ByUsNkx,spotify:track:5tVMIkfYa1gRl58ByUsNkx,https://api.spotify.com/v1/tracks/5tVMIkfYa1gRl58ByUsNkx,https://api.spotify.com/v1/audio-analysis/5tVMIkfYa1gRl58ByUsNkx,192142,4
0.55,0.781,0,-6.435,1,0.0357,0.00371,0.295,0.684,0.548,148.218,audio_features,2Mf5TqpbjwS5lPAjKBA4yJ,spotify:track:2Mf5TqpbjwS5lPAjKBA4yJ,https://api.spotify.com/v1/tracks/2Mf5TqpbjwS5lPAjKBA4yJ,https://api.spotify.com/v1/audio-analysis/2Mf5TqpbjwS5lPAjKBA4yJ,214823,4
0.754,0.631,5,-6.724,0,0.0499,0.217,2.47e-05,0.398,0.47,111.979,audio_features,02Jf3pdSKAUgseNZSiJbwp,spotify:track:02Jf3pdSKAUgseNZSiJbwp,https://api.spotify.com/v1/tracks/02Jf3pdSKAUgseNZSiJbwp,https://api.spotify.com/v1/audio-analysis/02Jf3pdSKAUgseNZSiJbwp,173638,4
0.78,0.721,6,-6.371,1,0.214,0.126,0.00235,0.078,0.824,178.036,audio_features,63e35wfL6GMUp0boIvNBhw,spotify:track:63e35wfL6GMUp0boIvNBhw,https://api.spotify.com/v1/tracks/63e35wfL6GMUp0boIvNBhw,https://api.spotify.com/v1/audio-analysis/63e35wfL6GMUp0boIvNBhw,165499,4
0.939,0.747,5,-3.95,1,0.0951,0.115,1.14e-05,0.105,0.592,127.031,audio_features,7ctUZZrE8nIerrGeC52Vkt,spotify:track:7ctUZZrE8nIerrGeC52Vkt,https://api.spotify.com/v1/tracks/7ctUZZrE8nIerrGeC52Vkt,https://api.spotify.com/v1/audio-analysis/7ctUZZrE8nIerrGeC52Vkt,158760,4
0.362,0.534,10,-8.38,1,0.0468,0.519,1.02e-06,0.332,0.547,94.742,audio_features,0slVzyDCYPANhtDTpzBgLZ,spotify:track:0slVzyDCYPANhtDTpzBgLZ,https://api.spotify.com/v1/tracks/0slVzyDCYPANhtDTpzBgLZ,https://api.spotify.com/v1/audio-analysis/0slVzyDCYPANhtDTpzBgLZ,207158,4
0.644,0.842,7,-4.551,1,0.036,0.0296,0.000386,0.264,0.551,105.138,audio_features,0eG0JQVxot3QvboTS4SWHC,spotify:track:0eG0JQVxot3QvboTS4SWHC,https://api.spotify.com/v1/tracks/0eG0JQVxot3QvboTS4SWHC,https://api.spotify.com/v1/audio-analysis/0eG0JQVxot3QvboTS4SWHC,212280,4
0.661,0.693,6,-6.553,0,0.196,0.324,0.0336,0.0959,0.613,82.058,audio_features,5SFssNXGjeOxdAnECfgttm,spotify:track:5SFssNXGjeOxdAnECfgttm,https://api.spotify.com/v1/tracks/5SFssNXGjeOxdAnECfgttm,https://api.spotify.com/v1/audio-analysis/5SFssNXGjeOxdAnECfgttm,302240,4
0.875,0.649,6,-5.754,1,0.0433,0.429,0.00237,0.0704,0.833,140.031,audio_features,4ReJJcpW8HtVnqzhf6DwNV,spotify:track:4ReJJcpW8HtVnqzhf6DwNV,https://api.spotify.com/v1/tracks/4ReJJcpW8HtVnqzhf6DwNV,https://api.spotify.com/v1/audio-analysis/4ReJJcpW8HtVnqzhf6DwNV,194693,4
0.604,0.605,1,-7.861,1,0.0415,0.152,0.000845,0.157,0.168,141.527,audio_features,3JdwGk8j7lHN5qdzJZklam,spotify:track:3JdwGk8j7lHN5qdzJZklam,https://api.spotify.com/v1/tracks/3JdwGk8j7lHN5qdzJZklam,https://api.spotify.com/v1/audio-analysis/3JdwGk8j7lHN5qdzJZklam,165893,4
0.748,0.554,10,-7.76,0,0.0408,0.722,1.81e-05,0.122,0.488,107.02,audio_features,1tB5UEseYQt5vRZgcnPHAW,spotify:track:1tB5UEseYQt5vRZgcnPHAW,https://api.spotify.com/v1/tracks/1tB5UEseYQt5vRZgcnPHAW,https://api.spotify.com/v1/audio-analysis/1tB5UEseYQt5vRZgcnPHAW,217570,4
0.6,0.699,5,-7.133,0,0.0298,0.0287,0,0.082,0.862,96.044,audio_features,5zexuTIZGttwZbj5PM1ztp,spotify:track:5zexuTIZGttwZbj5PM1ztp,https://api.spotify.com/v1/tracks/5zexuTIZGttwZbj5PM1ztp,https://api.spotify.com/v1/audio-analysis/5zexuTIZGttwZbj5PM1ztp,196914,4
0.688,0.66,6,-5.896,0,0.32,0.056,0,0.0834,0.421,109.82,audio_features,30KiHMb2aPgCQ00nLOgqzr,spotify:track:30KiHMb2aPgCQ00nLOgqzr,https://api.spotify.com/v1/tracks/30KiHMb2aPgCQ00nLOgqzr,https://api.spotify.com/v1/audio-analysis/30KiHMb2aPgCQ00nLOgqzr,168020,4
0.484,0.407,9,-10.709,0,0.104,0.317,0,0.103,0.369,139.23,audio_features,07dRjnkeSazozZ16S07Nee,spotify:track:07dRjnkeSazozZ16S07Nee,https://api.spotify.com/v1/tracks/07dRjnkeSazozZ16S07Nee,https://api.spotify.com/v1/audio-analysis/07dRjnkeSazozZ16S07Nee,164571,4
0.542,0.838,10,-6.083,0,0.0446,0.0638,0.000214,0.096,0.434,175.53,audio_features,4i4ugtkPd0HPWqBoTHHxU2,spotify:track:4i4ugtkPd0HPWqBoTHHxU2,https://api.spotify.com/v1/tracks/4i4ugtkPd0HPWqBoTHHxU2,https://api.spotify.com/v1/audio-analysis/4i4ugtkPd0HPWqBoTHHxU2,223202,3
0.629,0.551,11,-5.402,1,0.0263,0.0418,1.18e-06,0.108,0.699,111.961,audio_features,5th1bFGGaXLM7wDBJpcF06,spotify:track:5th1bFGGaXLM7wDBJpcF06,https://api.spotify.com/v1/tracks/5th1bFGGaXLM7wDBJpcF06,https://api.spotify.com/v1/audio-analysis/5th1bFGGaXLM7wDBJpcF06,268880,4
0.852,0.307,9,-10.275,1,0.298,0.403,0,0.236,0.727,140.08,audio_features,3awnZSyvKdi7rBLttHk36K,spotify:track:3awnZSyvKdi7rBLttHk36K,https://api.spotify.com/v1/tracks/3awnZSyvKdi7rBLttHk36K,https://api.spotify.com/v1/audio-analysis/3awnZSyvKdi7rBLttHk36K,123429,4
0.669,0.627,5,-5.415,0,0.0622,0.216,3.26e-05,0.158,0.643,180.043,audio_features,4rPzJZqLHE1b5rx6WbFvqe,spotify:track:4rPzJZqLHE1b5rx6WbFvqe,https://api.spotify.com/v1/tracks/4rPzJZqLHE1b5rx6WbFvqe,https://api.spotify.com/v1/audio-analysis/4rPzJZqLHE1b5rx6WbFvqe,196302,4
0.721,0.551,11,-7.874,0,0.0376,0.289,0.00494,0.177,0.682,99.962,audio_features,21EaUSWwMQInuWOvH2t4gI,spotify:track:21EaUSWwMQInuWOvH2t4gI,https://api.spotify.com/v1/tracks/21EaUSWwMQInuWOvH2t4gI,https://api.spotify.com/v1/audio-analysis/21EaUSWwMQInuWOvH2t4gI,185523,4
0.444,0.473,6,-7.791,0,0.213,0.223,8.54e-05,0.135,0.371,179.974,audio_features,2fdVzkZYiPKcVBnDSXcH8R,spotify:track:2fdVzkZYiPKcVBnDSXcH8R,https://api.spotify.com/v1/tracks/2fdVzkZYiPKcVBnDSXcH8R,https://api.spotify.com/v1/audio-analysis/2fdVzkZYiPKcVBnDSXcH8R,165515,4
0.869,0.552,5,-8.586,1,0.0367,0.279,0.00445,0.105,0.617,106.999,audio_features,2pIZ6QqkFK6Ayg8pZGjomA,spotify:track:2pIZ6QqkFK6Ayg8pZGjomA,https://api.spotify.com/v1/tracks/2pIZ6QqkFK6Ayg8pZGjomA,https://api.spotify.com/v1/audio-analysis/2pIZ6QqkFK6Ayg8pZGjomA,164964,4
0.711,0.831,11,-6.004,1,0.0396,0.0282,0.16,0.0922,0.545,120.003,audio_features,3hdJpYy4oLf2wI920Dsq4D,spotify:track:3hdJpYy4oLf2wI920Dsq4D,https://api.spotify.com/v1/tracks/3hdJpYy4oLf2wI920Dsq4D,https://api.spotify.com/v1/audio-analysis/3hdJpYy4oLf2wI920Dsq4D,183277,4
0.392,0.709,0,-6.047,1,0.0528,0.071,3.47e-05,0.153,0.573,170.053,audio_features,4jmBJcu8Ee8CSrXQYSvmbv,spotify:track:4jmBJcu8Ee8CSrXQYSvmbv,https://api.spotify.com/v1/tracks/4jmBJcu8Ee8CSrXQYSvmbv,https://api.spotify.com/v1/audio-analysis/4jmBJcu8Ee8CSrXQYSvmbv,173640,3
0.655,0.6,2,-9.36,1,0.0273,0.329,0.00227,0.181,0.535,98.037,audio_features,2Zfz6a8l5kVFevqnJ7p0nN,spotify:track:2Zfz6a8l5kVFevqnJ7p0nN,https://api.spotify.com/v1/tracks/2Zfz6a8l5kVFevqnJ7p0nN,https://api.spotify.com/v1/audio-analysis/2Zfz6a8l5kVFevqnJ7p0nN,181035,4
0.607,0.851,4,-7.754,0,0.0364,0.623,0.351,0.107,0.479,168.049,audio_features,4YMc3A256xFBS0xcT77Qce,spotify:track:4YMc3A256xFBS0xcT77Qce,https://api.spotify.com/v1/tracks/4YMc3A256xFBS0xcT77Qce,https://api.spotify.com/v1/audio-analysis/4YMc3A256xFBS0xcT77Qce,188571,4
0.764,0.501,0,-10.842,1,0.0378,0.311,0.192,0.111,0.427,106.961,audio_features,3FIcE9t4VtHLVNwaMSRALs,spotify:track:3FIcE9t4VtHLVNwaMSRALs,https://api.spotify.com/v1/tracks/3FIcE9t4VtHLVNwaMSRALs,https://api.spotify.com/v1/audio-analysis/3FIcE9t4VtHLVNwaMSRALs,174147,4
0.819,0.471,0,-11.678,1,0.309,0.633,0,0.0971,0.582,129.027,audio_features,0GqhoSy21Qhp6036saeWLx,spotify:track:0GqhoSy21Qhp6036saeWLx,https://api.spotify.com/v1/tracks/0GqhoSy21Qhp6036saeWLx,https://api.spotify.com/v1/audio-analysis/0GqhoSy21Qhp6036saeWLx,149302,4
0.572,0.752,9,-4.733,0,0.0279,0.188,0.0044,0.0841,0.206,121.966,audio_features,3mUnLc0LIqXmjSYZ4hLPls,spotify:track:3mUnLc0LIqXmjSYZ4hLPls,https://api.spotify.com/v1/tracks/3mUnLc0LIqXmjSYZ4hLPls,https://api.spotify.com/v1/audio-analysis/3mUnLc0LIqXmjSYZ4hLPls,265939,4
0.432,0.646,0,-5.825,1,0.0696,0.157,0,0.148,0.402,82.171,audio_features,0G3VfgzZQv8c6AyyIp1gxd,spotify:track:0G3VfgzZQv8c6AyyIp1gxd,https://api.spotify.com/v1/tracks/0G3VfgzZQv8c6AyyIp1gxd,https://api.spotify.com/v1/audio-analysis/0G3VfgzZQv8c6AyyIp1gxd,195608,4
0.557,0.863,0,-5.321,0,0.0391,0.104,0,0.697,0.373,105.362,audio_features,3A0cAzFKPefBCz7Z02UnnO,spotify:track:3A0cAzFKPefBCz7Z02UnnO,https://api.spotify.com/v1/tracks/3A0cAzFKPefBCz7Z02UnnO,https://api.spotify.com/v1/audio-analysis/3A0cAzFKPefBCz7Z02UnnO,187587,4
0.392,0.774,1,-7.625,1,0.292,0.46,0,0.136,0.263,89.973,audio_features,0BD07BDyj2yzdo2TeITJNH,spotify:track:0BD07BDyj2yzdo2TeITJNH,https://api.spotify.com/v1/tracks/0BD07BDyj2yzdo2TeITJNH,https://api.spotify.com/v1/audio-analysis/0BD07BDyj2yzdo2TeITJNH,213333,4
0.656,0.763,6,-5.946,0,0.0845,0.102,2.43e-06,0.0373,0.903,144.952,audio_features,4aYReiTel4KEnn0kUkU1OU,spotify:track:4aYReiTel4KEnn0kUkU1OU,https://api.spotify.com/v1/tracks/4aYReiTel4KEnn0kUkU1OU,https://api.spotify.com/v1/audio-analysis/4aYReiTel4KEnn0kUkU1OU,231972,4
0.737,0.851,8,-5.939,1,0.0465,0.0186,0.00727,0.198,0.72,114.967,audio_features,45ugdO4y9lQLK5z2RJAvdC,spotify:track:45ugdO4y9lQLK5z2RJAvdC,https://api.spotify.com/v1/tracks/45ugdO4y9lQLK5z2RJAvdC,https://api.spotify.com/v1/audio-analysis/45ugdO4y9lQLK5z2RJAvdC,190127,4
0.472,0.46,9,-7.2,0,0.0856,0.389,0.000252,0.579,0.413,94.908,audio_features,6VH1fD1hvURY7N6SWlWKDr,spotify:track:6VH1fD1hvURY7N6SWlWKDr,https://api.spotify.com/v1/tracks/6VH1fD1hvURY7N6SWlWKDr,https://api.spotify.com/v1/audio-analysis/6VH1fD1hvURY7N6SWlWKDr,194526,4
0.813,0.49,4,-12.436,0,0.108,0.838,0.0772,0.135,0.607,140.034,audio_features,0EeJoDwo9MlWneQRgzFnuu,spotify:track:0EeJoDwo9MlWneQRgzFnuu,https://api.spotify.com/v1/tracks/0EeJoDwo9MlWneQRgzFnuu,https://api.spotify.com/v1/audio-analysis/0EeJoDwo9MlWneQRgzFnuu,216965,4
0.869,0.53,5,-8.286,0,0.0466,0.0655,0.000325,0.0855,0.795,108.987,audio_features,6W7le5m7AIHtdmPpf52jYZ,spotify:track:6W7le5m7AIHtdmPpf52jYZ,https://api.spotify.com/v1/tracks/6W7le5m7AIHtdmPpf52jYZ,https://api.spotify.com/v1/audio-analysis/6W7le5m7AIHtdmPpf52jYZ,206773,4
0.858,0.426,10,-8.879,0,0.0402,0.00586,0.761,0.0986,0.419,89.981,audio_features,62kHSw6wBh4c6UemJCb5p6,spotify:track:62kHSw6wBh4c6UemJCb5p6,https://api.spotify.com/v1/tracks/62kHSw6wBh4c6UemJCb5p6,https://api.spotify.com/v1/audio-analysis/62kHSw6wBh4c6UemJCb5p6,192647,4
0.55,0.903,11,-4.043,0,0.0423,0.0182,0.000631,0.149,0.618,109.01,audio_features,2ycqUyUXI9oZVThwtGCkWd,spotify:track:2ycqUyUXI9oZVThwtGCkWd,https://api.spotify.com/v1/tracks/2ycqUyUXI9oZVThwtGCkWd,https://api.spotify.com/v1/audio-analysis/2ycqUyUXI9oZVThwtGCkWd,215763,4
0.529,0.514,0,-9.777,0,0.375,0.595,4.77e-05,0.171,0.568,57.818,audio_features,36XDzzVTrpsQaYAZu6rpfC,spotify:track:36XDzzVTrpsQaYAZu6rpfC,https://api.spotify.com/v1/tracks/36XDzzVTrpsQaYAZu6rpfC,https://api.spotify.com/v1/audio-analysis/36XDzzVTrpsQaYAZu6rpfC,147147,3
